source_type,source_id,test_id
requirement,REQ-BND-001,RT-NO-EXECUTION
requirement,REQ-BND-002,RT-NO-EXECUTION
requirement,REQ-BND-003,RT-OUTCOMES
requirement,REQ-EVD-001,RT-EVIDENCE-LINKAGE
requirement,REQ-EVD-002,R-EVD-001
requirement,REQ-EVD-002,R-EVD-002
requirement,REQ-EVD-002,R-EVD-003
requirement,REQ-EVD-002,R-EVD-004
requirement,REQ-EVD-002,R-EVD-005
requirement,REQ-GOV-001,RT-GOVERNANCE
requirement,REQ-GOV-002,RT-GOVERNANCE
requirement,REQ-POL-001,CTX-001
requirement,REQ-POL-001,CTX-002
requirement,REQ-POL-001,POLC-010
requirement,REQ-POL-001,POLC-011
requirement,REQ-POL-001,POLC-012
requirement,REQ-POL-001,POLC-013
requirement,REQ-POL-001,POLC-016
requirement,REQ-POL-001,TB-001
requirement,REQ-POL-001,TB-002
requirement,REQ-POL-001,TB-003
requirement,REQ-POL-001,TB-004
requirement,REQ-POL-001,TB-005
requirement,REQ-POL-001,TB-006
requirement,REQ-POL-001,TB-007
requirement,REQ-POL-001,TB-008
requirement,REQ-POL-001,TB-009
requirement,REQ-POL-001,TB-010
requirement,REQ-POL-001,TB-011
requirement,REQ-POL-001,TB-012
requirement,REQ-POL-001,TB-013
requirement,REQ-POL-001,TB-014
requirement,REQ-POL-001,TB-015
requirement,REQ-POL-001,TB-016
requirement,REQ-POL-001,TB-017
requirement,REQ-POL-001,TB-018
requirement,REQ-POL-001,TB-019
requirement,REQ-POL-001,TB-020
requirement,REQ-POL-001,TB-021
requirement,REQ-POL-001,TB-022
requirement,REQ-POL-001,TB-023
requirement,REQ-POL-001,TB-024
requirement,REQ-POL-001,TB-025
requirement,REQ-POL-001,TB-026
requirement,REQ-POL-001,TB-027
requirement,REQ-POL-001,TB-028
requirement,REQ-POL-001,TB-029
requirement,REQ-POL-001,TB-030
requirement,REQ-POL-001,TB-031
requirement,REQ-POL-001,TB-032
requirement,REQ-POL-001,TB-033
requirement,REQ-POL-001,TB-034
requirement,REQ-POL-001,TB-035
requirement,REQ-POL-001,TB-036
requirement,REQ-POL-001,TB-037
requirement,REQ-POL-001,TB-038
requirement,REQ-POL-001,TB-039
requirement,REQ-POL-001,TB-040
requirement,REQ-POL-001,TB-041
requirement,REQ-POL-001,TB-042
requirement,REQ-POL-002,POLC-010
requirement,REQ-POL-002,POLC-011
requirement,REQ-POL-002,POLC-012
requirement,REQ-POL-002,POLC-013
requirement,REQ-POL-002,POLC-016
requirement,REQ-POL-002,TA-001
requirement,REQ-POL-002,TA-002
requirement,REQ-POL-002,TA-003
requirement,REQ-POL-002,TA-004
requirement,REQ-POL-002,TA-005
requirement,REQ-POL-002,TA-006
requirement,REQ-POL-002,TA-007
requirement,REQ-POL-002,TA-008
requirement,REQ-POL-002,TA-009
requirement,REQ-POL-002,TA-010
requirement,REQ-POL-002,TA-011
requirement,REQ-POL-002,TA-012
requirement,REQ-POL-002,TA-013
requirement,REQ-POL-002,TA-014
requirement,REQ-POL-002,TA-015
requirement,REQ-POL-003,AUTH-001
requirement,REQ-POL-003,AUTH-002
requirement,REQ-POL-003,AUTH-003
requirement,REQ-POL-003,AUTH-004
requirement,REQ-POL-003,AUTH-005
requirement,REQ-POL-003,AUTH-006
requirement,REQ-POL-003,AUTH-007
requirement,REQ-POL-003,AUTH-008
requirement,REQ-SCH-001,RT-SIX-SCHEMAS
requirement,REQ-SCH-002,R-SCH-001
requirement,REQ-SCH-002,R-SCH-002
requirement,REQ-SCH-002,R-SCH-003
requirement,REQ-SCH-002,R-SCH-004
requirement,REQ-SCH-002,R-SCH-005
requirement,REQ-SCH-002,R-SCH-006
requirement,REQ-SCH-002,R-SCH-007
requirement,REQ-SCH-002,R-SCH-008
requirement,REQ-SCH-002,R-SCH-009
requirement,REQ-SCH-003,RT-CANONICAL
requirement,REQ-SEC-001,R-PRV-001
requirement,REQ-SEC-001,R-PRV-002
requirement,REQ-SEC-001,R-PRV-003
requirement,REQ-SEC-001,R-PRV-004
requirement,REQ-SEC-001,R-PRV-005
requirement,REQ-SEC-002,R-NOX-001
requirement,REQ-SEC-002,R-NOX-002
requirement,REQ-SEC-002,R-NOX-003
requirement,REQ-SEC-002,R-NOX-004
requirement,REQ-SEC-002,R-NOX-005
requirement,REQ-SEC-002,R-NOX-006
requirement,REQ-SEC-002,R-NOX-007
requirement,REQ-SEC-002,R-NOX-008
requirement,REQ-SYN-001,ST-001
requirement,REQ-SYN-001,ST-002
requirement,REQ-SYN-001,ST-003
requirement,REQ-SYN-001,ST-004
requirement,REQ-SYN-001,ST-005
requirement,REQ-SYN-001,ST-007
requirement,REQ-SYN-001,ST-008
requirement,REQ-SYN-001,ST-009
requirement,REQ-SYN-001,ST-010
requirement,REQ-SYN-001,ST-011
requirement,REQ-SYN-001,ST-012
requirement,REQ-SYN-001,ST-013
requirement,REQ-SYN-001,ST-014
requirement,REQ-SYN-001,ST-015
requirement,REQ-SYN-001,ST-016
requirement,REQ-SYN-001,ST-017
requirement,REQ-SYN-001,ST-018
requirement,REQ-SYN-001,ST-019
requirement,REQ-SYN-001,ST-020
requirement,REQ-SYN-002,ST-001
requirement,REQ-SYN-002,ST-002
requirement,REQ-SYN-002,ST-003
requirement,REQ-SYN-002,ST-004
requirement,REQ-SYN-002,ST-005
requirement,REQ-SYN-002,ST-007
requirement,REQ-SYN-002,ST-008
requirement,REQ-SYN-002,ST-009
requirement,REQ-SYN-002,ST-010
requirement,REQ-SYN-002,ST-011
requirement,REQ-SYN-002,ST-012
requirement,REQ-SYN-002,ST-013
requirement,REQ-SYN-002,ST-014
requirement,REQ-SYN-002,ST-015
requirement,REQ-SYN-002,ST-016
requirement,REQ-SYN-002,ST-017
requirement,REQ-SYN-002,ST-018
requirement,REQ-SYN-002,ST-019
requirement,REQ-SYN-002,ST-020
requirement,REQ-SYN-003,EX-001
requirement,REQ-SYN-003,EX-002
requirement,REQ-SYN-003,EX-003
requirement,REQ-SYN-003,EX-004
requirement,REQ-SYN-003,EX-005
requirement,REQ-SYN-003,EX-006
requirement,REQ-SYN-003,EX-007
requirement,REQ-SYN-003,EX-008
requirement,REQ-SYN-003,EX-009
requirement,REQ-SYN-003,EX-010
requirement,REQ-SYN-003,EX-011
requirement,REQ-SYN-003,EX-012
requirement,REQ-SYN-003,EX-013
requirement,REQ-SYN-003,EX-014
requirement,REQ-SYN-003,EX-015
requirement,REQ-SYN-003,EX-016
requirement,REQ-SYN-003,EX-017
requirement,REQ-SYN-003,EX-018
requirement,REQ-SYN-003,EX-019
requirement,REQ-SYN-003,EX-020
requirement,REQ-SYN-003,EX-021
requirement,REQ-SYN-003,EX-022
requirement,REQ-SYN-003,EX-023
requirement,REQ-SYN-003,EX-024
requirement,REQ-SYN-003,EX-025
requirement,REQ-SYN-003,EX-026
requirement,REQ-SYN-003,EX-027
requirement,REQ-SYN-003,EX-028
requirement,REQ-SYN-003,EX-029
requirement,REQ-SYN-003,EX-030
requirement,REQ-SYN-003,EX-031
requirement,REQ-SYN-003,EX-032
requirement,REQ-SYN-003,EX-033
requirement,REQ-SYN-003,EX-034
requirement,REQ-SYN-003,EX-035
requirement,REQ-SYN-003,EX-036
requirement,REQ-SYN-003,EX-037
requirement,REQ-SYN-003,EX-038
requirement,REQ-SYN-003,EX-039
requirement,REQ-SYN-003,EX-040
requirement,REQ-SYN-003,EX-041
requirement,REQ-SYN-003,EX-042
requirement,REQ-SYN-003,EX-043
requirement,REQ-SYN-003,EX-044
requirement,REQ-SYN-004,TA-001
requirement,REQ-SYN-004,TA-002
requirement,REQ-SYN-004,TA-003
requirement,REQ-SYN-004,TA-004
requirement,REQ-SYN-004,TA-005
requirement,REQ-SYN-004,TA-006
requirement,REQ-SYN-004,TA-007
requirement,REQ-SYN-004,TA-008
requirement,REQ-SYN-004,TA-009
requirement,REQ-SYN-004,TA-010
requirement,REQ-SYN-004,TA-011
requirement,REQ-SYN-004,TA-012
requirement,REQ-SYN-004,TA-013
requirement,REQ-SYN-004,TA-014
requirement,REQ-SYN-004,TA-015
requirement,REQ-SYN-005,TB-001
requirement,REQ-SYN-005,TB-002
requirement,REQ-SYN-005,TB-003
requirement,REQ-SYN-005,TB-004
requirement,REQ-SYN-005,TB-005
requirement,REQ-SYN-005,TB-006
requirement,REQ-SYN-005,TB-007
requirement,REQ-SYN-005,TB-008
requirement,REQ-SYN-005,TB-009
requirement,REQ-SYN-005,TB-010
requirement,REQ-SYN-005,TB-011
requirement,REQ-SYN-005,TB-012
requirement,REQ-SYN-005,TB-013
requirement,REQ-SYN-005,TB-014
requirement,REQ-SYN-005,TB-015
requirement,REQ-SYN-005,TB-016
requirement,REQ-SYN-005,TB-017
requirement,REQ-SYN-005,TB-018
requirement,REQ-SYN-005,TB-019
requirement,REQ-SYN-005,TB-020
requirement,REQ-SYN-005,TB-021
requirement,REQ-SYN-005,TB-022
requirement,REQ-SYN-005,TB-023
requirement,REQ-SYN-005,TB-024
requirement,REQ-SYN-005,TB-025
requirement,REQ-SYN-005,TB-026
requirement,REQ-SYN-005,TB-027
requirement,REQ-SYN-005,TB-028
requirement,REQ-SYN-005,TB-029
requirement,REQ-SYN-005,TB-030
requirement,REQ-SYN-005,TB-031
requirement,REQ-SYN-005,TB-032
requirement,REQ-SYN-005,TB-033
requirement,REQ-SYN-005,TB-034
requirement,REQ-SYN-005,TB-035
requirement,REQ-SYN-005,TB-036
requirement,REQ-SYN-005,TB-037
requirement,REQ-SYN-005,TB-038
requirement,REQ-SYN-005,TB-039
requirement,REQ-SYN-005,TB-040
requirement,REQ-SYN-005,TB-041
requirement,REQ-SYN-005,TB-042
requirement,REQ-SYN-006,RT-COVERAGE
requirement,REQ-SYN-007,RD-001
requirement,REQ-SYN-007,RD-002
requirement,REQ-SYN-007,RD-003
requirement,REQ-SYN-007,RD-004
requirement,REQ-SYN-007,RD-005
requirement,REQ-SYN-007,RD-006
requirement,REQ-SYN-008,CTX-001
requirement,REQ-SYN-008,CTX-002
requirement,REQ-SYN-008,TGT-001
requirement,REQ-SYN-008,TGT-002
requirement,REQ-SYN-008,TGT-003
requirement,REQ-SYN-008,TGT-004
requirement,REQ-TST-001,RT-COVERAGE
requirement,REQ-TST-002,R-VER-001
requirement,REQ-TST-002,R-VER-002
requirement,REQ-TST-002,R-VER-003
requirement,REQ-TST-002,R-VER-004
requirement,REQ-TST-002,R-VER-005
threat,T-001,TA-001
threat,T-001,TA-002
threat,T-001,TA-003
threat,T-001,TA-004
threat,T-001,TA-005
threat,T-001,TA-006
threat,T-001,TA-007
threat,T-001,TA-008
threat,T-001,TA-009
threat,T-001,TA-010
threat,T-001,TA-011
threat,T-001,TA-012
threat,T-001,TA-013
threat,T-001,TA-014
threat,T-001,TA-015
threat,T-002,TB-001
threat,T-002,TB-002
threat,T-002,TB-003
threat,T-002,TB-004
threat,T-002,TB-005
threat,T-002,TB-006
threat,T-002,TB-007
threat,T-002,TB-008
threat,T-002,TB-009
threat,T-002,TB-010
threat,T-002,TB-011
threat,T-002,TB-012
threat,T-002,TB-013
threat,T-002,TB-014
threat,T-002,TB-015
threat,T-002,TB-016
threat,T-002,TB-017
threat,T-002,TB-018
threat,T-002,TB-019
threat,T-002,TB-020
threat,T-002,TB-021
threat,T-002,TB-022
threat,T-002,TB-023
threat,T-002,TB-024
threat,T-002,TB-025
threat,T-002,TB-026
threat,T-002,TB-027
threat,T-002,TB-028
threat,T-002,TB-029
threat,T-002,TB-030
threat,T-002,TB-031
threat,T-002,TB-032
threat,T-002,TB-033
threat,T-002,TB-034
threat,T-002,TB-035
threat,T-002,TB-036
threat,T-002,TB-037
threat,T-002,TB-038
threat,T-002,TB-039
threat,T-002,TB-040
threat,T-002,TB-041
threat,T-002,TB-042
threat,T-003,EX-001
threat,T-003,EX-002
threat,T-003,EX-003
threat,T-003,EX-004
threat,T-003,EX-005
threat,T-003,EX-006
threat,T-003,EX-007
threat,T-003,EX-008
threat,T-003,EX-009
threat,T-003,EX-010
threat,T-003,EX-011
threat,T-003,EX-012
threat,T-003,EX-013
threat,T-003,EX-014
threat,T-003,EX-015
threat,T-003,EX-016
threat,T-003,EX-017
threat,T-003,EX-018
threat,T-003,EX-019
threat,T-003,EX-020
threat,T-003,EX-021
threat,T-003,EX-022
threat,T-003,EX-023
threat,T-003,EX-024
threat,T-003,EX-025
threat,T-003,EX-026
threat,T-003,EX-027
threat,T-003,EX-028
threat,T-003,EX-029
threat,T-003,EX-030
threat,T-003,EX-031
threat,T-003,EX-032
threat,T-003,EX-033
threat,T-003,EX-034
threat,T-003,EX-035
threat,T-003,EX-036
threat,T-003,EX-037
threat,T-003,EX-038
threat,T-003,EX-039
threat,T-003,EX-040
threat,T-003,EX-041
threat,T-003,EX-042
threat,T-003,EX-043
threat,T-003,EX-044
threat,T-004,ST-001
threat,T-004,ST-002
threat,T-004,ST-003
threat,T-004,ST-004
threat,T-004,ST-005
threat,T-004,ST-007
threat,T-004,ST-008
threat,T-004,ST-009
threat,T-004,ST-010
threat,T-004,ST-011
threat,T-004,ST-012
threat,T-004,ST-013
threat,T-004,ST-014
threat,T-004,ST-015
threat,T-004,ST-016
threat,T-004,ST-017
threat,T-004,ST-018
threat,T-004,ST-019
threat,T-004,ST-020
threat,T-005,RD-001
threat,T-005,RD-002
threat,T-005,RD-003
threat,T-005,RD-004
threat,T-005,RD-005
threat,T-005,RD-006
threat,T-006,CTX-001
threat,T-006,CTX-002
threat,T-007,TGT-001
threat,T-007,TGT-002
threat,T-007,TGT-003
threat,T-007,TGT-004
threat,T-008,AUTH-001
threat,T-008,AUTH-002
threat,T-008,AUTH-003
threat,T-008,AUTH-004
threat,T-008,AUTH-005
threat,T-008,AUTH-006
threat,T-008,AUTH-007
threat,T-008,AUTH-008
threat,T-009,TA-001
threat,T-009,TA-002
threat,T-009,TA-003
threat,T-009,TA-004
threat,T-009,TA-005
threat,T-009,TA-006
threat,T-009,TA-007
threat,T-009,TA-008
threat,T-009,TA-009
threat,T-009,TA-010
threat,T-009,TA-011
threat,T-009,TA-012
threat,T-009,TA-013
threat,T-009,TA-014
threat,T-009,TA-015
threat,T-010,TB-001
threat,T-010,TB-002
threat,T-010,TB-003
threat,T-010,TB-004
threat,T-010,TB-005
threat,T-010,TB-006
threat,T-010,TB-007
threat,T-010,TB-008
threat,T-010,TB-009
threat,T-010,TB-010
threat,T-010,TB-011
threat,T-010,TB-012
threat,T-010,TB-013
threat,T-010,TB-014
threat,T-010,TB-015
threat,T-010,TB-016
threat,T-010,TB-017
threat,T-010,TB-018
threat,T-010,TB-019
threat,T-010,TB-020
threat,T-010,TB-021
threat,T-010,TB-022
threat,T-010,TB-023
threat,T-010,TB-024
threat,T-010,TB-025
threat,T-010,TB-026
threat,T-010,TB-027
threat,T-010,TB-028
threat,T-010,TB-029
threat,T-010,TB-030
threat,T-010,TB-031
threat,T-010,TB-032
threat,T-010,TB-033
threat,T-010,TB-034
threat,T-010,TB-035
threat,T-010,TB-036
threat,T-010,TB-037
threat,T-010,TB-038
threat,T-010,TB-039
threat,T-010,TB-040
threat,T-010,TB-041
threat,T-010,TB-042
threat,T-011,POLC-010
threat,T-011,POLC-011
threat,T-011,POLC-012
threat,T-011,POLC-013
threat,T-011,POLC-016
threat,T-012,R-NOX-001
threat,T-012,R-NOX-002
threat,T-012,R-NOX-003
threat,T-012,R-NOX-004
threat,T-012,R-NOX-005
threat,T-012,R-NOX-006
threat,T-012,R-NOX-007
threat,T-012,R-NOX-008
threat,T-013,R-NOX-001
threat,T-013,R-NOX-002
threat,T-013,R-NOX-003
threat,T-013,R-NOX-004
threat,T-013,R-NOX-005
threat,T-013,R-NOX-006
threat,T-013,R-NOX-007
threat,T-013,R-NOX-008
threat,T-014,RT-THREAT-014
threat,T-015,RT-THREAT-015
threat,T-016,RT-THREAT-016
threat,T-017,RT-THREAT-017
threat,T-018,AUTH-001
threat,T-018,AUTH-002
threat,T-018,AUTH-003
threat,T-018,AUTH-004
threat,T-018,AUTH-005
threat,T-018,AUTH-006
threat,T-018,AUTH-007
threat,T-018,AUTH-008
threat,T-019,R-EVD-001
threat,T-019,R-EVD-002
threat,T-019,R-EVD-003
threat,T-019,R-EVD-004
threat,T-019,R-EVD-005
threat,T-020,RD-001
threat,T-020,RD-002
threat,T-020,RD-003
threat,T-020,RD-004
threat,T-020,RD-005
threat,T-020,RD-006
threat,T-021,RT-THREAT-021
threat,T-022,RT-THREAT-022
threat,T-023,RT-THREAT-023
threat,T-024,RT-THREAT-024
threat,T-025,RT-THREAT-025
threat,T-026,R-PRV-001
threat,T-026,R-PRV-002
threat,T-026,R-PRV-003
threat,T-026,R-PRV-004
threat,T-026,R-PRV-005
threat,T-027,RT-THREAT-027
threat,T-028,EX-001
threat,T-028,EX-002
threat,T-028,EX-003
threat,T-028,EX-004
threat,T-028,EX-005
threat,T-028,EX-006
threat,T-028,EX-007
threat,T-028,EX-008
threat,T-028,EX-009
threat,T-028,EX-010
threat,T-028,EX-011
threat,T-028,EX-012
threat,T-028,EX-013
threat,T-028,EX-014
threat,T-028,EX-015
threat,T-028,EX-016
threat,T-028,EX-017
threat,T-028,EX-018
threat,T-028,EX-019
threat,T-028,EX-020
threat,T-028,EX-021
threat,T-028,EX-022
threat,T-028,EX-023
threat,T-028,EX-024
threat,T-028,EX-025
threat,T-028,EX-026
threat,T-028,EX-027
threat,T-028,EX-028
threat,T-028,EX-029
threat,T-028,EX-030
threat,T-028,EX-031
threat,T-028,EX-032
threat,T-028,EX-033
threat,T-028,EX-034
threat,T-028,EX-035
threat,T-028,EX-036
threat,T-028,EX-037
threat,T-028,EX-038
threat,T-028,EX-039
threat,T-028,EX-040
threat,T-028,EX-041
threat,T-028,EX-042
threat,T-028,EX-043
threat,T-028,EX-044
threat,T-029,R-SCH-001
threat,T-029,R-SCH-002
threat,T-029,R-SCH-003
threat,T-029,R-SCH-004
threat,T-029,R-SCH-005
threat,T-029,R-SCH-006
threat,T-029,R-SCH-007
threat,T-029,R-SCH-008
threat,T-029,R-SCH-009
threat,T-029,ST-001
threat,T-029,ST-002
threat,T-029,ST-003
threat,T-029,ST-004
threat,T-029,ST-005
threat,T-029,ST-007
threat,T-029,ST-008
threat,T-029,ST-009
threat,T-029,ST-010
threat,T-029,ST-011
threat,T-029,ST-012
threat,T-029,ST-013
threat,T-029,ST-014
threat,T-029,ST-015
threat,T-029,ST-016
threat,T-029,ST-017
threat,T-029,ST-018
threat,T-029,ST-019
threat,T-029,ST-020
threat,T-030,POLC-010
threat,T-030,POLC-011
threat,T-030,POLC-012
threat,T-030,POLC-013
threat,T-030,POLC-016
threat,T-030,R-VER-001
threat,T-030,R-VER-002
threat,T-030,R-VER-003
threat,T-030,R-VER-004
threat,T-030,R-VER-005
